id,date,establisment,total,tip,grubhub,timePay,mileagePay,miles,bonus,acceptedAt,streetName,city,zip,canceled,popUp,type,lat,long,rating
1,7/2/2021,Shere E Punjab,11.14,3.18,7.96,3.55,2.53,11,1.88,11:31:00 AM,"""3319 301 Byers Dr #15""",Glen Mills,19342,,,Indian,39.88499,-75.52817,4
2,7/4/2021,McDonald's,11.34,3.99,7.35,2.51,1.6,6.96,3.24,12:43:00 PM,1 Christy Dr,Concordville,19331,,,Fast Food,39.8822,-75.54521,1.5
3,6/27/2021,Tsunami,11.83,5.43,6.4,3.58,1.82,7.91,1,4:22:00 PM,10 Market St,West Chester,19382,,,Asian,39.95963,-75.60473,4
4,7/13/2021,Chipotle,13.4,8.78,4.62,3.48,1.14,4.96,0,4:29:00 PM,101 Turner Ln,West Chester,19380,,,Mexican,39.96945,-75.58764,2
5,7/9/2021,Chipotle,9,4.04,4.96,2.91,1.79,7.78,0.26,12:15:00 PM,101 Turner Ln,West Chester,19380,,,Mexican,39.96945,-75.58764,2
6,7/1/2021,Chipotle,15.4,11.15,4.25,3.38,0.87,3.78,0,6:01:00 PM,101 Turner Ln,West Chester,19380,,,Mexican,39.96945,-75.58764,2
7,7/1/2021,Chipotle,12.13,7.14,4.99,3.31,1.68,7.3,0,4:15:00 PM,101 Turner Ln,West Chester,19380,,,Mexican,39.96945,-75.58764,2
8,6/24/2021,Chipotle,5.22,0,5.22,3.97,1.25,5.43,0,4:48:00 PM,101 Turner Ln,West Chester,19380,,,Mexican,39.96945,-75.58764,2
9,6/13/2021,KFC,11.19,4.96,6.23,3.15,2.08,9.04,1,4:05:00 PM,104 Pottstown Pike,Exton,19341,,,Fast Food,40.02895,-75.62947,1.5
10,6/22/2021,La Tartine,9.5,5.37,4.13,2.56,0.57,2.48,1,12:00:00 PM,109 W Gay St,West Chester,19380,,,Mediterranean,39.96016,-75.60666,4.5
11,7/13/2021,Wayback Burger's,12.63,8.54,4.09,2.81,1.28,5.57,0,7:56:00 PM,1107 West Chester Pike #1,West Chester,19382,,,American,39.9698,-75.5743,2.5
12,7/11/2021,Fusion,14.39,8.61,5.78,4.18,1.6,6.96,0,5:08:00 PM,1107 West Chester Pike #1,West Chester,19382,,,Asian,39.97036,-75.57473,4
13,7/3/2021,Applebee's,10.47,7.16,3.31,2.53,0.78,3.39,0,4:07:00 PM,1107 West Chester Pike #1,West Chester,19382,,,Sports Bar,39.96931,-75.57397,3
14,7/1/2021,Wayback Burger's,12.72,5.4,7.32,4.4,2.92,12.7,0,7:26:00 PM,1107 West Chester Pike #1,West Chester,19382,,,American,39.9698,-75.5743,2.5
15,6/22/2021,Wayback Burger's,8.16,3.71,4.45,2.96,1.19,5.17,0.3,6:28:00 PM,1107 West Chester Pike #2,West Chester,19382,,,American,39.9698,-75.5743,2.5
16,6/18/2021,Wayback Burger's,6.22,4.22,2,1.89,0.11,0.48,0,12:55:00 PM,1107 West Chester Pike #3,West Chester,19382,,,American,39.9698,-75.5743,2.5
17,6/13/2021,Applebee's,10.26,5.27,4.99,2.57,0.86,3.74,1.56,5:36:00 PM,1107 West Chester Pike #3,West Chester,19382,,,American,39.96931,-75.57397,3
18,6/13/2021,Applebee's,8.34,5,3.34,2.74,0.6,2.61,0,4:48:00 PM,1107 West Chester Pike #3,West Chester,19382,,,American,39.96931,-75.57397,3
19,7/13/2021,Qdoba,10.68,5.73,4.95,3.48,1.47,5.73,0,7:33:00 PM,1107 West Chester Pike Space B4,West Chester,19382,,,Mexican,39.96956,-75.57456,3
20,7/11/2021,Qdoba,7.09,2,5.09,3.31,1.78,7.74,0,4:03:00 PM,1107 West Chester Pike Space B4,West Chester,19382,,,Mexican,39.96956,-75.57456,3
21,7/1/2021,Qdoba,8.2,2.65,5.55,2.94,1.21,5.26,1.4,5:00:00 PM,1107 West Chester Pike Space B4,West Chester,19382,,,Mexican,39.96956,-75.57456,3
22,6/27/2021,Qdoba,7.93,2,5.93,2.92,0.94,4.09,2.07,5:59:00 PM,1107 West Chester Pike Space B4,West Chester,19382,,,Mexican,39.96956,-75.57456,3
23,6/25/2021,Qdoba,10.88,8.58,2.3,1.58,0.72,3.13,0,11:53:00 AM,1107 West Chester Pike Space B4,West Chester,19382,,,Mexican,39.96956,-75.57456,3
24,6/25/2021,Qdoba,7.2,3.59,3.61,2.6,1.01,4.39,0,11:53:00 AM,1107 West Chester Pike Space B4,West Chester,19382,,,Mexican,39.96956,-75.57456,3
25,6/18/2021,Qdoba,9.58,5,4.58,3.42,1.16,5.04,0,11:43:00 AM,1107 West Chester Pike Space B4,West Chester,19382,,,Mexican,39.96956,-75.57456,3
26,6/16/2021,Qdoba,8.89,5.88,3.01,2.24,0.77,3.35,0,11:45:00 AM,1107 West Chester Pike Space B4,West Chester,19382,,,Mexican,39.96956,-75.57456,3
27,6/16/2021,Qdoba,6.32,3.32,3,2.77,0.23,1,0,11:33:00 AM,1107 West Chester Pike Space B4,West Chester,19382,,,Mexican,39.96956,-75.57456,3
28,7/9/2021,Panera Bread,8.48,4.21,4.27,2.77,1.5,6.52,0,11:59:00 AM,1115 West Chester Pike,West Chester,19382,,,Sandwiches,39.97064,-75.57393,3
29,7/3/2021,Panera Bread,20.25,16.12,4.13,3.05,1.08,4.7,0,3:02:00 PM,1115 West Chester Pike,West Chester,19382,,,Sandwiches,39.97064,-75.57393,3
30,6/24/2021,Panera Bread,15,10.69,4.31,3.47,0.84,3.65,0,4:09:00 PM,1115 West Chester Pike,West Chester,19382,,,Sandwiches,39.97064,-75.57393,3
31,6/22/2021,Panera Bread,10.45,5.43,5.02,3.59,1.43,6.22,0,4:45:00 PM,1115 West Chester Pike,West Chester,19382,,,Sandwiches,39.97064,-75.57393,3
32,7/13/2021,Sterling Pig,15.96,12.39,3.57,2.86,0.71,3.09,0,5:39:00 PM,113 W Market St,West Chester,19382,,,American,39.95923,-75.60619,4
33,6/27/2021,Sterling Pig,13.87,7.26,6.61,4.31,2.3,10,0,3:19:00 PM,113 W Market St,West Chester,19382,,,American,39.95923,-75.60619,4
34,7/7/2021,West Chester Diner,8.9,5.44,3.46,3.1,0.36,1.57,0,11:12:00 AM,1147 West Chester Pike,West Chester,19382,,,American,39.97028,-75.56772,2.5
35,6/18/2021,Tyga Bites,8.04,2.7,5.34,3.18,1.16,5.04,0,12:55:00 PM,1147 West Chester Pike,West Chester,19382,,Yes,Fast Food,39.97028,-75.56772,2
36,6/17/2021,Sunny & Fine,8.22,5.15,3.07,2.34,0.73,3.17,0,2:49:00 PM,1147 West Chester Pike,West Chester,19382,,Yes,Mexican,39.97028,-75.56772,2
37,6/30/2021,Primo,8.41,3.13,5.28,4.2,1.08,4.7,0,12:29:00 PM,1149 West Chester Pike,West Chester,19382,,,Sandwiches,39.97026,-75.56727,3.5
38,6/30/2021,Primo,7.38,3,4.38,3.16,1.22,5.3,0,11:48:00 AM,1149 West Chester Pike,West Chester,19382,,,Sandwiches,39.97026,-75.56727,3.5
39,6/23/2021,Primo,5.49,3.49,2,1.72,0.28,1.22,0,12:16:00 PM,1149 West Chester Pike,West Chester,19382,,,Sandwiches,39.97026,-75.56727,3.5
40,6/23/2021,Primo,10.73,5.48,5.25,3.54,1.71,7.43,0,12:16:00 PM,1149 West Chester Pike,West Chester,19382,,,Sandwiches,39.97026,-75.56727,3.5
41,6/17/2021,Primo,6.83,2.18,4.65,3.59,1.06,4.61,0,11:59:00 AM,1149 West Chester Pike,West Chester,19382,,,Sandwiches,39.97026,-75.56727,3.5
42,6/16/2021,Primo,11.76,7.93,3.83,1.76,0.38,1.69,1.69,11:45:00 AM,1149 West Chester Pike,West Chester,19382,,,Sandwiches,39.97026,-75.56727,3.5
43,6/22/2021,Wawa,5.48,2,3.48,2.38,1.1,4.78,0,2:37:00 PM,1195 Pottstown Pike,West Chester,19380,,,Fast Food,39.99084,-75.61585,3
44,7/3/2021,Saucey,5.52,2.5,3.02,2.76,0.26,1.13,0,1:51:00 PM,12 E Market St #3151,West Chester,19382,,,Pizza,39.96001,-75.60401,3
45,6/17/2021,Saucey,6.36,3.08,3.28,2.52,0.76,3.17,0,3:07:00 PM,12 E Market St #3151,West Chester,19382,,,Pizza,39.96001,-75.60401,3
46,6/22/2021,Nick's,9.17,3.87,5.3,3.01,1.29,5.61,1,4:05:00 PM,1215 West Chester Pike,West Chester,19382,,,American,39.96934,-75.55978,3.5
47,7/8/2021,Anthony's,13.56,7.97,5.59,4.34,1.25,5.43,0,5:09:00 PM,123 E. Swedesford Road Suite K-L,Exton,19341,,,Pizza,40.03634,-75.62843,4
48,7/11/2021,Pica's Restaurant,9.18,6.18,3,2.29,0.71,3.09,0,5:28:00 PM,1233 West Chester Pike,West Chester,19382,,,Pizza,39.96878,-75.55725,3.5
49,7/1/2021,Pica's Restaurant,10.37,6.18,4.19,2.93,1.26,5.48,0,4:33:00 PM,1233 West Chester Pike,West Chester,19382,,,Pizza,39.96878,-75.55725,3.5
50,6/27/2021,Pica's Restaurant,14.73,2,12.73,3.69,1.99,8.65,7.05,5:28:00 PM,1233 West Chester Pike,West Chester,19382,,,Pizza,39.96878,-75.55725,3.5
51,6/13/2021,Pica's Restaurant,22.86,18,4.86,3.74,1.12,4.87,0,6:06:00 PM,1233 West Chester Pike,West Chester,19382,,,Pizza,39.96878,-75.55725,3.5
52,6/13/2021,Pica's Restaurant,11.08,7.29,3.79,3.32,0.47,2.04,0,5:54:00 PM,1233 West Chester Pike,West Chester,19382,,,Pizza,39.96878,-75.55725,3.5
53,7/11/2021,Bonchon,13.14,7.27,5.87,4.18,1.63,7.09,0,4:23:00 PM,124 E Market St,West Chester,19382,,,Asian,39.96071,-75.60236,3.5
54,7/7/2021,Bonchon,6.9,3.9,3,2.61,0.39,1.7,0,11:53:00 AM,124 E Market St,West Chester,19382,,,Asian,39.96071,-75.60236,3.5
55,7/3/2021,Rai Rai,12.6,7.66,4.94,4.03,0.91,3.96,0,3:38:00 PM,124 E Market St,West Chester,19382,,,Hawaiian,39.96058,-75.60263,4.5
56,7/1/2021,Rai Rai,6.42,4,2.42,2.34,0.08,0.35,0,5:26:00 PM,124 E Market St,West Chester,19382,,,Hawaiian,39.96058,-75.60263,4.5
57,6/25/2021,Rai Rai,18.62,8.62,10,2.92,1.08,4.7,6,6:14:00 PM,124 E Market St,West Chester,19382,,,Hawaiian,39.96058,-75.60263,4.5
58,6/22/2021,Rai Rai,6.88,4.88,2,1.77,0.23,1,0,5:36:00 PM,124 E Market St,West Chester,19382,,,Hawaiian,39.96058,-75.60263,4.5
59,6/22/2021,Rai Rai,7,4,3,2.63,0.37,1.61,0,5:36:00 PM,124 E Market St,West Chester,19382,,,Hawaiian,39.96058,-75.60263,4.5
60,6/13/2021,Rai Rai,8.4,4.93,3.47,2.1,0.37,1.61,1,5:00:00 PM,124 E Market St,West Chester,19382,,,Hawaiian,39.96058,-75.60263,4.5
61,7/11/2021,Saladworks,12.17,2.5,9.67,4.36,2.8,12.17,2.51,11:59:00 AM,124 Woodcutter St,Exton,19341,,,American,40.02293,-75.62919,4
62,7/1/2021,Saladworks,11.48,5.77,5.71,4.38,1.33,5.78,0,12:10:00 PM,124 Woodcutter St,Exton,19341,,,American,40.02293,-75.62919,4
63,7/13/2021,China Palace,8.45,3.49,4.96,3.27,1.69,7.35,0,7:14:00 PM,1251 West Chester Pike,West Chester,19382,,,Asian,39.96876,-75.55584,4
64,7/11/2021,China Palace,15.97,9.45,6.52,4.09,2.43,10.57,0,3:33:00 PM,1251 West Chester Pike,West Chester,19382,,,Asian,39.96876,-75.55584,4
65,7/6/2021,China Palace,8.97,4,4.97,3.47,1.5,6.52,0,8:10:00 PM,1251 West Chester Pike,West Chester,19382,,,Asian,39.96876,-75.55584,4
66,7/1/2021,China Palace,11.45,8,3.45,2.66,0.79,3.43,0,5:52:00 PM,1251 West Chester Pike,West Chester,19382,,,Asian,39.96876,-75.55584,4
67,6/25/2021,China Palace,7.73,2,5.73,2.88,0.81,3.52,2.04,6:03:00 PM,1251 West Chester Pike,West Chester,19382,,,Asian,39.96876,-75.55584,4
68,6/24/2021,China Palace,8.49,3.05,5.44,3.34,1.12,4.87,0.98,7:09:00 PM,1251 West Chester Pike,West Chester,19382,,,Asian,39.96876,-75.55584,4
69,6/22/2021,China Palace,8,5,3,2.37,0.63,2.74,0,6:40:00 PM,1251 West Chester Pike,West Chester,19382,,,Asian,39.96876,-75.55584,4
70,6/22/2021,China Palace,14.45,9,5.45,4.03,1.42,6.17,0,4:23:00 PM,1251 West Chester Pike,West Chester,19382,,,Asian,39.96876,-75.55584,4
71,7/15/2021,Philly Pretzel,14.51,9.23,5.28,3.89,1.39,6.04,0,12:49:00 PM,126 Eagleview Blvd A,Exton,19341,,,American,40.04943,-75.66344,3.5
72,7/8/2021,Roots Cafe,10.46,6.76,3.7,3.27,0.43,1.87,0,10:38:00 AM,133 E Gay St,West Chester,19380,,,American,39.96181,-75.60303,4.5
73,6/13/2021,Roots Cafe,11.43,9.43,2,1.81,0.19,0.83,0,12:10:00 PM,133 E Gay St,West Chester,19380,,,American,39.96181,-75.60303,4.5
74,6/25/2021,Farm and Crave,8.94,2.93,6.01,2.81,1.06,4.61,2.14,5:32:00 PM,134 E Gay St,West Chester,19380,,Yes,n/a,39.96181,-75.60303,n/a
75,7/15/2021,Duck Donuts,8.49,4.41,4.08,3.06,1.02,4.43,0,11:01:00 AM,1353 Wilmington Pike,West Chester,19382,,,Fast Food,39.90362,-75.56366,3.5
76,7/7/2021,El Limon,10.17,3.73,6.44,4.11,2.33,10.13,0,12:47:00 PM,1371 Wilmington Pike,West Chester,19382,,,Mexican,39.90406,-75.56283,4
77,7/2/2021,El Limon,22.55,15.61,6.94,4.95,1.99,8.65,0,5:48:00 PM,1371 Wilmington Pike,West Chester,19382,,,Mexican,39.90406,-75.56283,4
78,7/2/2021,El Limon,19.49,14.31,5.18,3.47,1.71,7.43,0,4:33:00 PM,1371 Wilmington Pike,West Chester,19382,,,Mexican,39.90406,-75.56283,4
79,6/25/2021,El Limon,17.94,9.32,8.62,4.65,2.97,12.91,1,4:04:00 PM,1371 Wilmington Pike,West Chester,19382,,,Mexican,39.90406,-75.56283,4
80,6/24/2021,El Limon,6,4,2,1.7,0.3,1.31,0,5:58:00 PM,1371 Wilmington Pike,West Chester,19382,,,Mexican,39.90406,-75.56283,4
81,6/24/2021,El Limon,11.84,4,7.84,4.79,3.05,13.26,0,5:58:00 PM,1371 Wilmington Pike,West Chester,19382,,,Mexican,39.90406,-75.56283,4
82,7/14/2021,Wasabi2,8.42,4.59,3.83,2.66,1.17,5.09,0,11:01:00 AM,1375 Dilworthtown Rd,West Chester,19382,,,Asian,39.90393,-75.56262,4.5
83,7/2/2021,Wasabi2,14.72,10.17,4.55,3.74,0.81,3.52,0,6:42:00 PM,1375 Dilworthtown Rd,West Chester,19382,,,Asian,39.90393,-75.56262,4.5
84,6/27/2021,Wasabi2,14.78,5,9.78,4.26,2.46,10.7,3.06,5:07:00 PM,1375 Dilworthtown Rd,West Chester,19382,,,Asian,39.90393,-75.56262,4.5
85,6/18/2021,Wasabi2,12.84,7.2,5.64,3.68,1.96,8.52,0,2:00:00 PM,1375 Dilworthtown Rd,West Chester,19382,,,Asian,39.90393,-75.56262,4.5
86,7/15/2021,Pita Pit,6.27,1.2,5.07,2.9,1.3,5.65,0.87,10:27:00 AM,139 W Gay St,West Chester,19380,,,Mediterranean,39.95983,-75.60733,4
87,6/24/2021,Pita Pit,9.24,4.98,4.26,3.03,1.23,5.35,0,6:35:00 PM,139 W Gay St,West Chester,19380,,,Mediterranean,39.95983,-75.60733,4
88,7/11/2021,Enzo's Italian,12.78,4.93,7.85,2.07,0.78,3.39,5,6:17:00 PM,1400 Wilmington Pike,West Chester,19382,,,Italian,39.90082,-75.56365,3.5
89,7/8/2021,Enzo's Italian,9.12,7,2.12,1.24,0.88,3.83,0,6:52:00 PM,1400 Wilmington Pike,West Chester,19382,,,Italian,39.90082,-75.56365,3.5
90,7/8/2021,Enzo's Italian,12.27,7.72,4.55,3.3,1.25,5.43,0,6:52:00 PM,1400 Wilmington Pike,West Chester,19382,,,Italian,39.90082,-75.56365,3.5
91,7/6/2021,Enzo's Italian,12.6,4.89,7.71,4.9,2.81,12.22,0,6:52:00 PM,1400 Wilmington Pike,West Chester,19382,,,Italian,39.90082,-75.56365,3.5
92,7/6/2021,Enzo's Italian,18.23,10.88,7.35,4.71,2.81,11.48,0,6:12:00 PM,1400 Wilmington Pike,West Chester,19382,,,Italian,39.90082,-75.56365,3.5
93,7/2/2021,Enzo's Italian,6,4,2,1.43,0.57,2.48,0,5:09:00 PM,1400 Wilmington Pike,West Chester,19382,,,Italian,39.90082,-75.56365,3.5
94,7/2/2021,Enzo's Italian,12.06,7,5.06,3.29,1.77,7.7,0,5:09:00 PM,1400 Wilmington Pike,West Chester,19382,,,Italian,39.90082,-75.56365,3.5
95,6/24/2021,Enzo's Italian,13.6,6.87,6.73,4,2.73,11.87,0,5:20:00 PM,1400 Wilmington Pike,West Chester,19382,,,Italian,39.90082,-75.56365,3.5
96,6/22/2021,Enzo's Italian,11.74,5.95,5.79,3.83,1.96,8.52,0,6:09:00 PM,1400 Wilmington Pike,West Chester,19382,,,Italian,39.90082,-75.56365,3.5
97,7/2/2021,Wawa,5.37,2,3.37,2.95,0.42,1.83,0,12:24:00 PM,1413 Wilmington Pike,West Chester,19382,,,Fast Food,39.90076,-75.56221,2
98,6/25/2021,Wawa,9.36,5,4.36,2.82,1.54,6.7,0,3:49:00 PM,1413 Wilmington Pike,West Chester,19382,,,Fast Food,39.90076,-75.56221,2
99,6/24/2021,Dunkin',9.21,4,5.21,3.62,1.59,6.91,0,12:04:00 PM,1500 Paoli Pike,West Chester,19380,,,Fast Food,39.98975,-75.55007,4.5
100,7/11/2021,Wawa,8.59,3,5.59,3.35,2.24,9.74,0,6:17:00 PM,1501 West Chester Pike,West Chester,19382,,,Fast Food,39.96767,-75.52702,n/a
101,6/24/2021,Wawa,7.75,3.68,4.07,2.64,1.43,6.22,0,1:28:00 PM,1502 West Chester Pike #1,West Chester,19382,,,Fast Food,39.96767,-75.52702,n/a
102,7/11/2021,Dairy Queen,6.12,3.12,3,2.51,0.49,2.13,0,5:40:00 PM,1502 West Chester Pike #2,West Chester,19382,,,Fast Food,39.96541,-75.52557,4
103,7/3/2021,Burger King,8.73,5,3.73,2.64,1.09,4.74,0,3:53:00 PM,1502 West Chester Pike #2,West Chester,19382,,,Fast Food,39.96541,-75.52557,1.5
104,6/30/2021,Burger King,7.42,3.54,3.88,2.26,0.62,2.7,1,12:49:00 PM,1502 West Chester Pike,West Chester,19382,,,Fast Food,39.96541,-75.52557,1.5
105,7/1/2021,Delco's Original Steaks,17.36,5,12.36,5.42,2.14,9.3,4.8,6:35:00 PM,152 Painters Crossing,Chadds Ford,19317,,,Fast Food,39.88249,-75.5493,1
106,7/15/2021,Wendy's,10.62,5,5.62,3.64,1.98,8.61,0,11:41:00 AM,153 Swedesford Rd,Exton,19341,,,Fast Food,40.03453,-75.62668,1
107,7/15/2021,Tsaocaa,8.72,4.06,4.66,2.99,1.67,7.26,0,1:19:00 PM,18 N High St,West Chester,19380,,,Drinks,39.96042,-75.60517,5
108,7/13/2021,Tsaocaa,9.77,4.13,5.64,4.29,1.35,5.87,0,4:51:00 PM,18 N High St,West Chester,19380,,,Drinks,39.96042,-75.60517,5
109,6/25/2021,Tsaocaa,12.28,1,11.28,2,0.21,0.91,9.07,7:32:00 PM,18 N High St,West Chester,19380,,,Drinks,39.96042,-75.60517,5
110,6/17/2021,Tsaocaa,9.95,4.57,5.38,3.76,1.62,7.04,0,3:27:00 PM,18 N High St,West Chester,19380,,,Drinks,39.96042,-75.60517,5
111,7/13/2021,Wawa,8.86,3.74,5.12,3.53,1.59,6.91,0,6:19:00 PM,2 East Rhoads Ave,West Chester,19380,,,Fast Food,39.94394,-75.5916,1
112,7/9/2021,Wawa,8.43,3.98,4.45,3.04,1.41,6.13,0,12:59:00 PM,2 East Rhoads Ave,West Chester,19380,,,Fast Food,39.94394,-75.5916,1
113,7/8/2021,Wawa,5.55,2.55,3,2.7,0.3,1.3,0,1:09:00 PM,2 East Rhoads Ave,West Chester,19380,,,Fast Food,39.94394,-75.5916,1
114,7/8/2021,Miss Winnie's,9.09,2,7.09,3.97,2.06,8.96,1.06,4:37:00 PM,211 E Market St,West Chester,19382,,,Caribbean,39.96146,-75.60142,4.5
115,7/8/2021,Miss Winnie's,7.02,3.86,3.16,2.7,0.46,2,0,1:19:00 PM,211 E Market St,West Chester,19382,,,Caribbean,39.96146,-75.60142,4.5
116,7/8/2021,Miss Winnie's,7.79,4.79,3,2.69,0.31,1.35,0,11:22:00 AM,211 E Market St,West Chester,19382,,,Caribbean,39.96146,-75.60142,4.5
117,7/13/2021,Bon Bon Sushi,7.25,5.25,2,0.26,0.09,0.39,0,6:19:00 PM,22 N Darlington St,West Chester,19380,,,Asian,39.95912,-75.60759,4.5
118,7/13/2021,Bon Bon Sushi,6.8,3.8,3,2.64,0.36,1.57,0,6:19:00 PM,22 N Darlington St,West Chester,19380,,,Asian,39.95912,-75.60759,4.5
119,7/8/2021,Bon Bon Sushi,8,5,3,2.68,0.32,1.39,0,11:35:00 AM,22 N Darlington St,West Chester,19380,,,Asian,39.95912,-75.60759,4.5
120,7/1/2021,Bon Bon Sushi,6.89,3.85,3.04,2.42,0.44,1.91,0.18,5:26:00 PM,22 N Darlington St,West Chester,19380,,,Asian,39.95912,-75.60759,4.5
121,6/25/2021,Bon Bon Sushi,11.55,4.94,6.61,2.94,0.89,3.87,2.78,5:32:00 PM,22 N Darlington St,West Chester,19380,,,Asian,39.95912,-75.60759,4.5
122,6/24/2021,Bon Bon Sushi,9.04,4.48,4.56,3.22,1.34,5.83,0,11:34:00 AM,22 N Darlington St,West Chester,19380,,,Asian,39.95912,-75.60759,4.5
123,7/1/2021,Playa Bowls,11.52,5.25,6.27,4.59,1.68,7.3,0,9:57:00 AM,22 S High St,West Chester,19382,,,Drinks,39.95944,-75.60422,4.5
124,6/22/2021,Playa Bowls,9.8,4,5.8,4.12,1.68,7.3,0,12:00:00 PM,22 S High St,West Chester,19382,,,Drinks,39.95944,-75.60422,4.5
125,6/13/2021,Playa Bowls,7.6,5.6,2,1.55,0.45,1.96,0,2:36:00 PM,22 S High St,West Chester,19382,,,Drinks,39.95944,-75.60422,4.5
126,6/13/2021,Playa Bowls,14.63,10.7,3.93,2.84,1.09,4.74,0,2:36:00 PM,22 S High St,West Chester,19382,,,Drinks,39.95944,-75.60422,4.5
127,6/25/2021,Pho Life,8.43,4.51,3.92,2.95,0.97,4.22,0,4:59:00 PM,237 E Gay St,West Chester,19380,,,Asian,39.96241,-75.60153,4
128,6/22/2021,Pho Life,4.9,2.9,2,1,0,0,1,5:50:00 PM,237 E Gay St,West Chester,19380,,,Asian,39.96241,-75.60153,4
129,6/22/2021,Pho Life,5.59,2,3.59,2.83,0.76,3.3,0,5:50:00 PM,237 E Gay St,West Chester,19380,,,Asian,39.96241,-75.60153,4
130,7/9/2021,Nudy's Cafe,9,4.1,4.9,2.92,1.76,7.65,0.22,11:32:00 AM,240 Painters Crossing,Chadds Ford,19317,,,American,39.88099,-75.54835,3.5
131,7/15/2021,Damas,9.9,5.37,4.53,3.44,1.09,4.74,0,12:31:00 PM,260 Pottstown Pike #1,Exton,19341,,,Mediterranean,40.03392,-75.63283,4.5
132,7/1/2021,Indian Hut,11.79,5.92,5.87,4.18,1.69,7.35,0,12:41:00 PM,260 Pottstown Pike #2,Exton,19341,,,Indian,40.0339,-75.63252,3
133,7/1/2021,Indian Hut,13.21,11.21,2,1.45,0.55,2.39,0,12:41:00 PM,260 Pottstown Pike #2,Exton,19341,,,Indian,40.0339,-75.63252,3
134,6/25/2021,Bella Cucina,1,0,1,0.72,0.28,1.22,0,5:16:00 PM,3 N 5 Points Rd,West Chester,19380,Canceled,,Italian,39.96926,-75.57565,4.5
135,6/13/2021,Iron Hill,16.73,14,2.73,2.24,0.49,2.13,0,5:00:00 PM,3 W Gay St,West Chester,19380,,,American,39.96046,-75.60597,4
136,6/13/2021,Iron hill,7.04,3.5,3.54,3.22,0.32,1.39,0,1:12:00 PM,3 W Gay St,West Chester,19380,,,American,39.96046,-75.60597,4
137,7/2/2021,Meatball U,8.18,5.18,3,2.76,0.24,1.04,0,1:39:00 PM,30 S High St,West Chester,19382,,,American,39.95918,-75.60389,5
138,7/11/2021,Nudy's Cafe,11.09,7,4.09,3.35,0.74,3.22,0,12:33:00 PM,300 Market St,West Chester,19382,,,American,39.95773,-75.60849,3.5
139,6/17/2021,Nudy's Cafe,7.36,2.74,4.62,3.77,0.85,3.7,0,11:35:00 AM,300 Market St,West Chester,19382,,,American,39.95773,-75.60849,3.5
140,7/1/2021,Honeygrow,13.81,5.81,8,4.49,3.51,15.26,0,11:19:00 AM,303 Pottstown Pike #1,Exton,19341,,,American,40.03449,-75.63148,3.5
141,6/22/2021,Han Dynasty,9.83,3.61,6.22,3.22,2,8.7,1,2:04:00 PM,303 Pottstown Pike #2,Exton,19341,,,Asian,40.03461,-75.63386,3.5
142,7/14/2021,Jersey Mike's,6.66,2.75,3.91,2.75,0.83,3.61,0,11:20:00 PM,323 E Gay St Unit A-1,West Chester,19380,,,American,39.96327,-75.59988,3.5
143,6/23/2021,Jersey Mike's,6.11,3.11,3,2.64,0.36,1.57,0,11:11:00 AM,323 E Gay St Unit A-1,West Chester,19380,,,American,39.96327,-75.59988,3.5
144,6/27/2021,Applebee's,8.77,3.3,5.47,3.68,1.79,7.78,0,3:51:00 PM,3479 Lincoln Hwy E,Thorndale,19372,,,American,39.99496,-75.75587,2
145,7/13/2021,El Limon,8.86,4.13,4.73,2.9,1.08,4.7,0,5:18:00 PM,348 W Gay St,West Chester,19380,,,Mexican,39.95809,-75.61084,5
146,7/3/2021,El Limon,7.04,3,4.04,3.56,0.48,2.09,0,1:17:00 PM,348 W Gay St,West Chester,19380,,,Mexican,39.95809,-75.61084,5
147,6/27/2021,El Limon,12.72,7.65,5.07,3.81,1.26,5.48,0,7:16:00 PM,348 W Gay St,West Chester,19380,,,Mexican,39.95809,-75.61084,5
148,6/27/2021,McDonald's,11.23,8.22,3.01,2.56,0.45,1.96,0,8:01:00 PM,3808 Lincoln Hwy E,Thorndale,19372,,,Fast Food,39.99585,-75.74534,1.5
149,6/27/2021,Mister Wok,15.1,4.07,11.03,4.05,1.98,8.61,5,7:38:00 PM,3937 Lincoln Hwy E,Downingtown,19335,,,Asian,39.99814,-75.74172,2.5
150,7/15/2021,Primo,8.57,5,3.57,2.72,0.85,3.7,0,12:10:00 PM,417 E Lincoln Hwy,Exton,19341,,,n/a,40.02958,-75.61943,n/a
151,7/14/2021,Nudy's Cafe,6.98,3.1,3.88,2.73,1.15,5,0,12:43:00 PM,420 Lincoln Hwy,Exton,19341,,,American,40.02933,-75.61856,3.5
152,6/13/2021,El Limon,11.21,4.97,6.24,3.91,2.33,10.13,0,4:30:00 PM,446 Lancaster Ave,Malvern,19355,,,Mexican,40.03644,-75.56029,4.5
153,6/16/2021,Mi Pais,12.95,3,9.95,4.3,2.41,10.48,3.24,12:08:00 PM,477 Lancaster Ave,Malvern,19355,,,Latin American,40.03763,-75.56338,4.5
154,7/2/2021,Brother's Pizza,10.49,6.36,4.13,1.97,1.18,5.13,0.98,6:56:00 PM,485 Baltimore Pike,Glen Mills,19342,,,Pizza,39.89249,-75.50522,3.5
155,7/14/2021,Los Sabores,8.86,6.67,2.19,2,0.19,0.83,0,11:20:00 PM,505 E Gay St,West Chester,19380,,,Mexican,39.96433,-75.59796,4.5
156,7/8/2021,Los Sabores,8.17,3.12,5.05,3.2,1.85,8.04,0,5:35:00 PM,505 E Gay St,West Chester,19380,,,Mexican,39.96433,-75.59796,4.5
157,7/3/2021,Los Sabores,8.45,5.13,3.32,3.03,0.29,1.26,0,12:47:00 PM,505 E Gay St,West Chester,19380,,,Mexican,39.96433,-75.59796,4.5
158,6/25/2021,Los Sabores,9.97,5.93,4.04,3.26,0.78,3.39,0,4:38:00 PM,505 E Gay St,West Chester,19380,,,Mexican,39.96433,-75.59796,4.5
159,6/25/2021,Los Sabores,13.21,9.54,3.67,2.7,0.97,4.22,0,11:19:00 AM,505 E Gay St,West Chester,19380,,,Mexican,39.96433,-75.59796,4.5
160,6/22/2021,Los Sabores,8.92,6.65,2.27,1.91,0.36,1.57,0,12:32:00 PM,505 E Gay St,West Chester,19380,,,Mexican,39.96433,-75.59796,4.5
161,6/18/2021,Los Sabores,6.75,3,3.75,3.2,1.16,2.39,0,1:42:00 PM,505 E Gay St,West Chester,19380,,,Mexican,39.96433,-75.59796,4.5
162,6/18/2021,Los Sabores,12.2,9.2,3,2.66,0.34,1.48,0,11:17:00 AM,505 E Gay St,West Chester,19380,,,Mexican,39.96433,-75.59796,4.5
163,6/25/2021,Papa John's,8.26,5.21,3.05,2.27,0.78,3.39,0,6:14:00 PM,510 E Gay St,West Chester,19380,,,Pizza,39.96397,-75.59713,2.5
164,6/25/2021,KFC,8.87,3.39,5.48,3.12,1.36,5.91,1,12:36:00 PM,519 E Market St,West Chester,19382,,,Fast Food,39.96366,-75.59671,1.5
165,6/22/2021,KFC,6.42,1.28,5.14,3.13,1.01,4.39,1,1:27:00 PM,519 E Market St,West Chester,19382,,,Fast Food,39.96366,-75.59671,1.5
166,6/25/2021,Teikoku,12.28,5,7.28,4.6,2.68,11.65,0,7:06:00 PM,5492 West Chester Pike,Newtown Square,19073,,,Asian,39.97146,-75.4699,4
167,6/22/2021,Teikoku,18.33,9.09,9.24,2.65,1.59,6.91,5,6:52:00 PM,5492 West Chester Pike,Newtown Square,19073,,,Asian,39.97146,-75.4699,4
168,6/25/2021,Market Street Grill,7.73,2.96,4.77,4.06,0.71,3.09,0,11:03:00 AM,6 Market St,West Chester,19382,,,American,39.95969,-75.60454,4.5
169,6/23/2021,Market Street Grill,6.27,2.82,3.45,2,0.45,1.96,1,11:03:00 AM,6 Market St,West Chester,19382,,,American,39.95969,-75.60454,4.5
170,6/17/2021,Market Street Grill,13.67,8,5.67,4.33,1.34,5.83,0,10:29:00 AM,6 Market St,West Chester,19382,,,American,39.95969,-75.60454,4.5
171,6/16/2021,Market Street Grill,6.25,4.25,2,1.95,0.05,0.22,0,11:05:00 AM,6 Market St,West Chester,19382,,,American,39.95969,-75.60454,4.5
172,6/16/2021,Market Street Grill,7.41,3.38,4.03,3.43,0.6,2.61,0,11:05:00 AM,6 Market St,West Chester,19382,,,American,39.95969,-75.60454,4.5
173,7/4/2021,sweetFrog,11.11,5,6.11,2.93,2.18,9.48,1,12:30:00 PM,600 Town Centre Dr Ste 8,Glen Mills,19342,,,Ice Cream,39.88253,-75.52871,4.5
174,6/27/2021,sweetFrog,11.03,5,6.03,2.72,2.31,10.04,1,2:58:00 PM,600 Town Centre Dr Ste 8,Glen Mills,19342,,,Ice Cream,39.88253,-75.52871,4.5
175,7/8/2021,Dunkin',1.26,0,1.26,1.15,0.11,0.48,0,11:06:00 AM,607 E Market St #1,West Chester,19382,,,Fast Food,39.96425,-75.59525,n/a
176,6/30/2021,Dunkin',4.52,1,3.52,2.58,0.94,4.09,0,12:03:00 PM,607 E Market St #1,West Chester,19382,,,Fast Food,39.96425,-75.59525,n/a
177,6/23/2021,Capriotti's,18.83,15.83,3,2.51,0.49,2.13,0,11:32:00 AM,607 E Market St #2,West Chester,19380,,,American,39.96425,-75.59525,3.5
178,6/22/2021,Capriotti's,7.6,3.51,4.09,3.49,0.6,2.61,0,1:12:00 PM,607 E Market St #2,West Chester,19380,,,American,39.96425,-75.59525,3.5
179,7/6/2021,Restaurante Morelos,7.66,4.37,3.29,2.53,0.76,3.3,0,7:43:00 PM,611 W Strasburg Rd,West Chester,19382,,,Mexican,39.95941,-75.61739,5
180,7/14/2021,Peter Clark,7.84,4.81,3.03,2.51,0.52,2.26,0,12:05:00 PM,698 E Market St Unit 3,West Chester,19382,,,n/a,39.96388,-75.59487,n/a
181,7/8/2021,Peter Clark,10.48,6.94,3.54,2.54,1,4.35,0,1:28:00 PM,698 E Market St Unit 3,West Chester,19382,,,n/a,39.96388,-75.59487,n/a
182,6/24/2021,McDonald's,6.92,3.38,3.54,2.85,0.69,3,0,1:13:00 PM,701 E Gay St,West Chester,19380,,,Fast Food,39.96546,-75.59561,3
183,6/13/2021,McDonald's,10.84,6.26,4.58,3.42,1.16,5.04,0,3:37:00 PM,701 E Gay St,West Chester,19380,,,Fast Food,39.96546,-75.59561,3
184,6/13/2021,McDonald's,4.2,1,3.2,2,0.37,1.61,0.83,1:39:00 PM,701 E Gay St,West Chester,19380,,,Fast Food,39.96546,-75.59561,3
185,7/8/2021,Baan Thai,12.17,8.38,3.79,3.09,0.7,3.04,0,5:58:00 PM,704 W Nields St #4102,West Chester,19382,,,Asian,39.94819,-75.61089,4
186,7/6/2021,Baan Thai,6,3,3,2.67,0.33,1.43,0,8:00:00 PM,704 W Nields St #4102,West Chester,19382,,,Asian,39.94819,-75.61089,4
187,7/2/2021,Baan Thai,8.89,4.48,4.41,3.03,1.38,6,0,4:03:00 PM,704 W Nields St #4102,West Chester,19382,,,Asian,39.94819,-75.61089,4
188,7/1/2021,Baan Thai,11.93,7.63,4.3,3.36,0.94,4.09,0,6:15:00 PM,704 W Nields St #4102,West Chester,19382,,,Asian,39.94819,-75.61089,4
189,6/22/2021,Baan Thai,7,4,3,2.57,0.43,1.87,0,12:59:00 PM,704 W Nields St #4102,West Chester,19382,,,Asian,39.94819,-75.61089,4
190,7/14/2021,Wawa,9.06,4.45,4.61,3.12,1.49,6.48,0,12:05:00 PM,706 E Gay St,West Chester,19380,,,Fast Food,39.96523,-75.59373,3
191,7/8/2021,Wawa,7.84,3.58,4.26,2.84,1.42,6.17,0,6:28:00 PM,706 E Gay St,West Chester,19380,,,Fast Food,39.96523,-75.59373,3
192,6/27/2021,Wawa,7.25,4.25,3,2.72,0.28,1.22,0,6:44:00 PM,706 E Gay St,West Chester,19380,,,Fast Food,39.96523,-75.59373,3
193,6/25/2021,Wawa,6.28,3.78,2.5,2.16,0.34,1.48,0,12:36:00 PM,706 E Gay St,West Chester,19380,,,Fast Food,39.96523,-75.59373,3
194,6/22/2021,Wawa,8.54,5.54,3,2.47,0.53,2.3,0,5:07:00 PM,706 E Gay St,West Chester,19380,,,Fast Food,39.96523,-75.59373,3
195,6/22/2021,Wawa,6.98,3.31,3.67,2.55,1.12,4.87,0,12:32:00 PM,706 E Gay St,West Chester,19380,,,Fast Food,39.96523,-75.59373,3
196,7/7/2021,Boston Market,13.19,7.12,6.07,4.12,1.95,8.48,0,12:27:00 PM,726 E Gay St,West Chester,19380,,,Fast Food,39.96523,-75.59373,3
197,6/27/2021,Fiorello's Café,19.17,15,4.17,3.46,0.71,3.09,0,6:59:00 PM,730 E Gay St,West Chester,19380,,,Fast Food,39.96523,-75.59373,3
198,6/24/2021,Fiorello's Café,13.43,9.66,3.77,3.16,0.61,2.65,0,6:53:00 PM,730 E Gay St,West Chester,19380,,,Fast Food,39.96523,-75.59373,3
199,7/3/2021,Dunkin',6.29,2,4.29,2.58,0.71,3.09,1,12:13:00 PM,750 Miles Rd,West Chester,19380,Canceled,,American,39.96563,-75.59319,3.5
200,7/8/2021,Jaco Juice,6.63,3.36,3.27,2.88,0.39,1.7,0,12:13:00 PM,8 W Gay St,West Chester,19380,,,Mexican,39.96043,-75.60552,4
201,7/8/2021,Jaco Juice,6.59,3.93,2.66,1.66,1,4.35,0,12:13:00 PM,8 W Gay St,West Chester,19380,,,Mexican,39.96043,-75.60552,4
202,7/2/2021,Jaco Juice,8,5,3,2.87,0.13,0.57,0,1:24:00 PM,8 W Gay St,West Chester,19380,,,Mexican,39.96043,-75.60552,4
203,6/23/2021,Jaco Juice,10.98,7.98,3,2.63,0.37,1.61,0,12:35:00 PM,8 W Gay St,West Chester,19380,,,Mexican,39.96043,-75.60552,4
204,6/23/2021,Jaco Juice,9.31,5,4.31,3.09,1.22,5.3,0,11:39:00 AM,8 W Gay St,West Chester,19380,,,Mexican,39.96043,-75.60552,4
205,6/13/2021,Jaco Juice,9.64,4.63,5.01,3.71,1.3,5.65,0,12:10:00 PM,8 W Gay St,West Chester,19380,,,Mexican,39.96043,-75.60552,4
206,7/3/2021,El Limon,9.55,2.68,6.87,3.94,2.6,11.3,0.33,2:25:00 PM,84 W Lancaster Ave,Downingtown,19335,,,Mexican,40.00373,-75.70799,3.5
207,6/27/2021,El Limon,11.83,5,6.83,3.73,2.1,9.13,1,4:07:00 PM,84 W Lancaster Ave,Downingtown,19335,,,Mexican,40.00373,-75.70799,3.5
208,6/24/2021,Tropical Smoothie,12.11,4.22,7.89,6.03,1.86,8.09,0,12:34:00 PM,849 Paoli Pike,West Chester,19380,,,Drinks,39.96908,-75.58744,3.5
209,6/18/2021,Ruby's Diner,13.06,5.21,7.85,3.38,2.07,9,2.4,2:17:00 PM,919 Baltimore Pike,Glen Mills,19342,,,American,39.88493,-75.53337,3
210,7/7/2021,McDonald's,11.11,8,3.11,2.37,0.74,3.22,0,12:04:00 PM,927 S High St,West Chester,19380,,,Fast Food,39.94256,-75.5908,2
211,7/3/2021,McDonald's,6.49,3.49,3,2.2,0.8,3.48,0,3:11:00 PM,927 S High St,West Chester,19380,,,Fast Food,39.94256,-75.5908,2
212,6/27/2021,McDonald's,7.26,3.91,3.35,2.43,0.76,3.3,0.16,6:11:00 PM,927 S High St,West Chester,19380,,,Fast Food,39.94256,-75.5908,2
213,7/11/2021,Country Bagel,6.78,3.12,3.66,2.73,0.93,4.04,0,11:36:00 AM,929 S High St STE 21,West Chester,19382,,,American,39.9427,-75.58937,3.5
214,7/9/2021,Country Bagel,7.31,3.71,3.6,2.49,1.11,4.83,0,11:12:00 AM,929 S High St STE 21,West Chester,19382,,,American,39.9427,-75.58937,3.5
215,7/2/2021,Country Bagel,5.82,2.82,3,2.38,0.62,2.7,0,12:55:00 PM,929 S High St STE 21,West Chester,19382,,,American,39.9427,-75.58937,3.5
216,7/1/2021,Country Bagel,8.12,4.37,3.75,3.31,0.44,1.91,0,9:35:00 AM,929 S High St STE 21,West Chester,19382,,,American,39.9427,-75.58937,3.5
217,6/18/2021,Country Bagel,6.55,4.55,2,1.85,0.15,0.65,0,12:12:00 PM,929 S High St STE 21,West Chester,19382,,,American,39.9427,-75.58937,3.5
218,6/18/2021,Country Bagel,9.38,5,4.38,3.65,0.73,3.17,0,12:12:00 PM,929 S High St STE 21,West Chester,19382,,,American,39.9427,-75.58937,3.5
219,6/18/2021,Country Bagel,7.16,3.44,3.72,3.31,0.41,1.78,0,11:07:00 AM,929 S High St STE 21,West Chester,19382,,,American,39.9427,-75.58937,3.5
220,6/16/2021,Country Bagel,6.33,2.95,3.38,2.52,0.86,3.74,0,11:20:00 AM,929 S High St STE 21,West Chester,19382,,,American,39.9427,-75.58937,3.5
221,6/13/2021,Country Bagel,4.89,2.89,2,1.75,0.25,1.09,0,12:48:00 PM,929 S High St STE 21,West Chester,19382,,,American,39.9427,-75.58937,3.5
222,6/13/2021,Country Bagel,7.71,4,3.71,3.23,0.48,1.39,0,12:48:00 PM,929 S High St STE 21,West Chester,19382,,,American,39.9427,-75.58937,3.5
